Data_Referencia,Codi_Districte,Nom_Districte,Codi_Barri,Nom_Barri,AEB,Seccio_Censal,Valor
2023-01-01,1,Ciutat Vella,1,el Raval,1,1001,1246
2023-01-01,1,Ciutat Vella,1,el Raval,1,1002,1238
2023-01-01,1,Ciutat Vella,1,el Raval,2,1003,3406
2023-01-01,1,Ciutat Vella,1,el Raval,2,1004,2881
2023-01-01,1,Ciutat Vella,1,el Raval,3,1005,2294
2023-01-01,1,Ciutat Vella,1,el Raval,3,1006,1579
2023-01-01,1,Ciutat Vella,1,el Raval,3,1007,1911
2023-01-01,1,Ciutat Vella,1,el Raval,4,1008,3092
2023-01-01,1,Ciutat Vella,1,el Raval,4,1009,2134
2023-01-01,1,Ciutat Vella,1,el Raval,4,1010,2297
2023-01-01,1,Ciutat Vella,1,el Raval,5,1011,3053
2023-01-01,1,Ciutat Vella,1,el Raval,5,1012,1875
2023-01-01,1,Ciutat Vella,1,el Raval,5,1013,1453
2023-01-01,1,Ciutat Vella,1,el Raval,6,1014,1834
2023-01-01,1,Ciutat Vella,1,el Raval,6,1015,2279
2023-01-01,1,Ciutat Vella,1,el Raval,6,1016,2033
2023-01-01,1,Ciutat Vella,1,el Raval,6,1017,2498
2023-01-01,1,Ciutat Vella,1,el Raval,7,1018,1524
2023-01-01,1,Ciutat Vella,1,el Raval,7,1019,2669
2023-01-01,1,Ciutat Vella,1,el Raval,7,1020,2233
2023-01-01,1,Ciutat Vella,1,el Raval,8,1021,2142
2023-01-01,1,Ciutat Vella,2,el Barri Gòtic,9,1022,1772
2023-01-01,1,Ciutat Vella,2,el Barri Gòtic,9,1023,1966
2023-01-01,1,Ciutat Vella,2,el Barri Gòtic,10,1025,1314
2023-01-01,1,Ciutat Vella,2,el Barri Gòtic,10,1026,10671
2023-01-01,1,Ciutat Vella,2,el Barri Gòtic,10,1027,1441
2023-01-01,1,Ciutat Vella,2,el Barri Gòtic,11,1028,1903
2023-01-01,1,Ciutat Vella,2,el Barri Gòtic,11,1029,1385
2023-01-01,1,Ciutat Vella,2,el Barri Gòtic,12,1030,2449
2023-01-01,1,Ciutat Vella,2,el Barri Gòtic,12,1031,1559
2023-01-01,1,Ciutat Vella,3,la Barceloneta,13,1032,1722
2023-01-01,1,Ciutat Vella,3,la Barceloneta,13,1033,1050
2023-01-01,1,Ciutat Vella,3,la Barceloneta,13,1034,935
2023-01-01,1,Ciutat Vella,3,la Barceloneta,14,1035,1155
2023-01-01,1,Ciutat Vella,3,la Barceloneta,14,1036,1156
2023-01-01,1,Ciutat Vella,3,la Barceloneta,15,1037,1276
2023-01-01,1,Ciutat Vella,3,la Barceloneta,15,1038,1408
2023-01-01,1,Ciutat Vella,3,la Barceloneta,15,1039,1315
2023-01-01,1,Ciutat Vella,3,la Barceloneta,15,1040,1081
2023-01-01,1,Ciutat Vella,3,la Barceloneta,15,1041,1435
2023-01-01,1,Ciutat Vella,3,la Barceloneta,15,1042,1741
2023-01-01,1,Ciutat Vella,4,"Sant Pere, Santa Caterina i la Ribera",16,1043,1611
2023-01-01,1,Ciutat Vella,4,"Sant Pere, Santa Caterina i la Ribera",16,1044,1452
2023-01-01,1,Ciutat Vella,4,"Sant Pere, Santa Caterina i la Ribera",16,1045,1914
2023-01-01,1,Ciutat Vella,4,"Sant Pere, Santa Caterina i la Ribera",16,1046,1797
2023-01-01,1,Ciutat Vella,4,"Sant Pere, Santa Caterina i la Ribera",17,1047,1719
2023-01-01,1,Ciutat Vella,4,"Sant Pere, Santa Caterina i la Ribera",17,1048,2066
2023-01-01,1,Ciutat Vella,4,"Sant Pere, Santa Caterina i la Ribera",17,1049,1480
2023-01-01,1,Ciutat Vella,4,"Sant Pere, Santa Caterina i la Ribera",18,1050,1581
2023-01-01,1,Ciutat Vella,4,"Sant Pere, Santa Caterina i la Ribera",18,1051,1675
2023-01-01,1,Ciutat Vella,4,"Sant Pere, Santa Caterina i la Ribera",18,1052,2367
2023-01-01,1,Ciutat Vella,4,"Sant Pere, Santa Caterina i la Ribera",19,1053,1834
2023-01-01,1,Ciutat Vella,4,"Sant Pere, Santa Caterina i la Ribera",19,1054,1264
2023-01-01,1,Ciutat Vella,4,"Sant Pere, Santa Caterina i la Ribera",19,1055,1281
2023-01-01,2,Eixample,5,el Fort Pienc,20,2001,1341
2023-01-01,2,Eixample,5,el Fort Pienc,20,2002,4738
2023-01-01,2,Eixample,5,el Fort Pienc,20,2003,1145
2023-01-01,2,Eixample,5,el Fort Pienc,20,2004,1526
2023-01-01,2,Eixample,5,el Fort Pienc,20,2005,1990
2023-01-01,2,Eixample,5,el Fort Pienc,20,2006,1621
2023-01-01,2,Eixample,5,el Fort Pienc,20,2007,1211
2023-01-01,2,Eixample,5,el Fort Pienc,20,2008,1903
2023-01-01,2,Eixample,5,el Fort Pienc,20,2009,1780
2023-01-01,2,Eixample,5,el Fort Pienc,21,2010,1214
2023-01-01,2,Eixample,5,el Fort Pienc,21,2011,1115
2023-01-01,2,Eixample,5,el Fort Pienc,21,2012,1586
2023-01-01,2,Eixample,5,el Fort Pienc,21,2013,1151
2023-01-01,2,Eixample,5,el Fort Pienc,22,2014,1364
2023-01-01,2,Eixample,5,el Fort Pienc,22,2015,1564
2023-01-01,2,Eixample,5,el Fort Pienc,22,2016,1843
2023-01-01,2,Eixample,5,el Fort Pienc,22,2017,1941
2023-01-01,2,Eixample,5,el Fort Pienc,22,2018,1819
2023-01-01,2,Eixample,5,el Fort Pienc,22,2019,1983
2023-01-01,2,Eixample,5,el Fort Pienc,22,2020,1568
2023-01-01,2,Eixample,6,la Sagrada Família,23,2021,1526
2023-01-01,2,Eixample,6,la Sagrada Família,23,2022,1294
2023-01-01,2,Eixample,6,la Sagrada Família,23,2023,1046
2023-01-01,2,Eixample,6,la Sagrada Família,23,2024,1147
2023-01-01,2,Eixample,6,la Sagrada Família,24,2025,1128
2023-01-01,2,Eixample,6,la Sagrada Família,24,2026,2054
2023-01-01,2,Eixample,6,la Sagrada Família,24,2027,2072
2023-01-01,2,Eixample,6,la Sagrada Família,24,2028,2036
2023-01-01,2,Eixample,6,la Sagrada Família,24,2029,1217
2023-01-01,2,Eixample,6,la Sagrada Família,24,2030,1367
2023-01-01,2,Eixample,6,la Sagrada Família,24,2031,1029
2023-01-01,2,Eixample,6,la Sagrada Família,24,2032,1196
2023-01-01,2,Eixample,6,la Sagrada Família,25,2033,1156
2023-01-01,2,Eixample,6,la Sagrada Família,25,2034,1198
2023-01-01,2,Eixample,6,la Sagrada Família,25,2035,1270
2023-01-01,2,Eixample,6,la Sagrada Família,25,2036,1202
2023-01-01,2,Eixample,6,la Sagrada Família,25,2037,1138
2023-01-01,2,Eixample,6,la Sagrada Família,25,2038,1522
2023-01-01,2,Eixample,6,la Sagrada Família,25,2039,1769
2023-01-01,2,Eixample,6,la Sagrada Família,25,2040,1763
2023-01-01,2,Eixample,6,la Sagrada Família,26,2041,1663
2023-01-01,2,Eixample,6,la Sagrada Família,26,2042,1662
2023-01-01,2,Eixample,6,la Sagrada Família,26,2043,1489
2023-01-01,2,Eixample,6,la Sagrada Família,26,2044,1287
2023-01-01,2,Eixample,6,la Sagrada Família,26,2045,1152
2023-01-01,2,Eixample,6,la Sagrada Família,26,2046,1966
2023-01-01,2,Eixample,6,la Sagrada Família,26,2047,1955
2023-01-01,2,Eixample,6,la Sagrada Família,26,2048,1284
2023-01-01,2,Eixample,6,la Sagrada Família,27,2049,2023
2023-01-01,2,Eixample,6,la Sagrada Família,27,2050,1637
2023-01-01,2,Eixample,6,la Sagrada Família,27,2051,1874
2023-01-01,2,Eixample,6,la Sagrada Família,27,2052,1789
2023-01-01,2,Eixample,6,la Sagrada Família,27,2053,1898
2023-01-01,2,Eixample,6,la Sagrada Família,27,2054,1903
2023-01-01,2,Eixample,7,la Dreta de l'Eixample,28,2055,1828
2023-01-01,2,Eixample,7,la Dreta de l'Eixample,28,2056,1528
2023-01-01,2,Eixample,7,la Dreta de l'Eixample,28,2057,1260
2023-01-01,2,Eixample,7,la Dreta de l'Eixample,28,2058,1411
2023-01-01,2,Eixample,7,la Dreta de l'Eixample,28,2059,1720
2023-01-01,2,Eixample,7,la Dreta de l'Eixample,28,2060,1624
2023-01-01,2,Eixample,7,la Dreta de l'Eixample,29,2061,1354
2023-01-01,2,Eixample,7,la Dreta de l'Eixample,29,2062,1543
2023-01-01,2,Eixample,7,la Dreta de l'Eixample,29,2063,1160
2023-01-01,2,Eixample,7,la Dreta de l'Eixample,29,2064,1303
2023-01-01,2,Eixample,7,la Dreta de l'Eixample,29,2065,1839
2023-01-01,2,Eixample,7,la Dreta de l'Eixample,30,2066,1738
2023-01-01,2,Eixample,7,la Dreta de l'Eixample,30,2067,1664
2023-01-01,2,Eixample,7,la Dreta de l'Eixample,30,2068,1647
2023-01-01,2,Eixample,7,la Dreta de l'Eixample,30,2069,1356
2023-01-01,2,Eixample,7,la Dreta de l'Eixample,31,2070,1252
2023-01-01,2,Eixample,7,la Dreta de l'Eixample,31,2071,1633
2023-01-01,2,Eixample,7,la Dreta de l'Eixample,31,2072,1229
2023-01-01,2,Eixample,7,la Dreta de l'Eixample,32,2073,1665
2023-01-01,2,Eixample,7,la Dreta de l'Eixample,32,2074,1270
2023-01-01,2,Eixample,7,la Dreta de l'Eixample,32,2075,1223
2023-01-01,2,Eixample,7,la Dreta de l'Eixample,32,2076,1645
2023-01-01,2,Eixample,7,la Dreta de l'Eixample,33,2077,1776
2023-01-01,2,Eixample,7,la Dreta de l'Eixample,34,2078,1419
2023-01-01,2,Eixample,7,la Dreta de l'Eixample,34,2079,1432
2023-01-01,2,Eixample,7,la Dreta de l'Eixample,35,2080,1606
2023-01-01,2,Eixample,7,la Dreta de l'Eixample,35,2081,2137
2023-01-01,2,Eixample,7,la Dreta de l'Eixample,36,2082,923
2023-01-01,2,Eixample,7,la Dreta de l'Eixample,36,2083,1920
2023-01-01,2,Eixample,8,l'Antiga Esquerra de l'Eixample,37,2084,2051
2023-01-01,2,Eixample,8,l'Antiga Esquerra de l'Eixample,37,2085,1444
2023-01-01,2,Eixample,8,l'Antiga Esquerra de l'Eixample,37,2086,1393
2023-01-01,2,Eixample,8,l'Antiga Esquerra de l'Eixample,37,2087,1396
2023-01-01,2,Eixample,8,l'Antiga Esquerra de l'Eixample,38,2088,1693
2023-01-01,2,Eixample,8,l'Antiga Esquerra de l'Eixample,38,2089,1808
2023-01-01,2,Eixample,8,l'Antiga Esquerra de l'Eixample,38,2090,1694
2023-01-01,2,Eixample,8,l'Antiga Esquerra de l'Eixample,39,2091,2630
2023-01-01,2,Eixample,8,l'Antiga Esquerra de l'Eixample,39,2092,1723
2023-01-01,2,Eixample,8,l'Antiga Esquerra de l'Eixample,40,2093,1691
2023-01-01,2,Eixample,8,l'Antiga Esquerra de l'Eixample,40,2094,1500
2023-01-01,2,Eixample,8,l'Antiga Esquerra de l'Eixample,40,2095,1546
2023-01-01,2,Eixample,8,l'Antiga Esquerra de l'Eixample,40,2096,1444
2023-01-01,2,Eixample,8,l'Antiga Esquerra de l'Eixample,40,2097,1111
2023-01-01,2,Eixample,8,l'Antiga Esquerra de l'Eixample,41,2098,1438
2023-01-01,2,Eixample,8,l'Antiga Esquerra de l'Eixample,41,2099,1595
2023-01-01,2,Eixample,8,l'Antiga Esquerra de l'Eixample,41,2100,1307
2023-01-01,2,Eixample,8,l'Antiga Esquerra de l'Eixample,41,2101,2214
2023-01-01,2,Eixample,8,l'Antiga Esquerra de l'Eixample,42,2102,1359
2023-01-01,2,Eixample,8,l'Antiga Esquerra de l'Eixample,42,2103,1667
2023-01-01,2,Eixample,8,l'Antiga Esquerra de l'Eixample,42,2104,1175
2023-01-01,2,Eixample,8,l'Antiga Esquerra de l'Eixample,42,2105,2081
2023-01-01,2,Eixample,8,l'Antiga Esquerra de l'Eixample,43,2106,1434
2023-01-01,2,Eixample,8,l'Antiga Esquerra de l'Eixample,43,2107,1646
2023-01-01,2,Eixample,8,l'Antiga Esquerra de l'Eixample,43,2108,1587
2023-01-01,2,Eixample,8,l'Antiga Esquerra de l'Eixample,43,2109,2124
2023-01-01,2,Eixample,9,la Nova Esquerra de l'Eixample,44,2110,1841
2023-01-01,2,Eixample,9,la Nova Esquerra de l'Eixample,44,2111,1878
2023-01-01,2,Eixample,9,la Nova Esquerra de l'Eixample,44,2112,1306
2023-01-01,2,Eixample,9,la Nova Esquerra de l'Eixample,44,2113,2210
2023-01-01,2,Eixample,9,la Nova Esquerra de l'Eixample,44,2114,1707
2023-01-01,2,Eixample,9,la Nova Esquerra de l'Eixample,45,2115,1371
2023-01-01,2,Eixample,9,la Nova Esquerra de l'Eixample,45,2116,973
2023-01-01,2,Eixample,9,la Nova Esquerra de l'Eixample,45,2117,1233
2023-01-01,2,Eixample,9,la Nova Esquerra de l'Eixample,45,2118,1427
2023-01-01,2,Eixample,9,la Nova Esquerra de l'Eixample,45,2119,1276
2023-01-01,2,Eixample,9,la Nova Esquerra de l'Eixample,45,2120,1157
2023-01-01,2,Eixample,9,la Nova Esquerra de l'Eixample,45,2121,1254
2023-01-01,2,Eixample,9,la Nova Esquerra de l'Eixample,45,2122,1039
2023-01-01,2,Eixample,9,la Nova Esquerra de l'Eixample,45,2123,1102
2023-01-01,2,Eixample,9,la Nova Esquerra de l'Eixample,46,2124,1129
2023-01-01,2,Eixample,9,la Nova Esquerra de l'Eixample,46,2125,1652
2023-01-01,2,Eixample,9,la Nova Esquerra de l'Eixample,46,2126,1408
2023-01-01,2,Eixample,9,la Nova Esquerra de l'Eixample,46,2127,1200
2023-01-01,2,Eixample,9,la Nova Esquerra de l'Eixample,46,2128,1312
2023-01-01,2,Eixample,9,la Nova Esquerra de l'Eixample,46,2129,1545
2023-01-01,2,Eixample,9,la Nova Esquerra de l'Eixample,47,2130,1101
2023-01-01,2,Eixample,9,la Nova Esquerra de l'Eixample,47,2131,1124
2023-01-01,2,Eixample,9,la Nova Esquerra de l'Eixample,47,2132,1003
2023-01-01,2,Eixample,9,la Nova Esquerra de l'Eixample,47,2133,841
2023-01-01,2,Eixample,9,la Nova Esquerra de l'Eixample,47,2134,1469
2023-01-01,2,Eixample,9,la Nova Esquerra de l'Eixample,47,2135,2086
2023-01-01,2,Eixample,9,la Nova Esquerra de l'Eixample,47,2136,890
2023-01-01,2,Eixample,9,la Nova Esquerra de l'Eixample,48,2137,1468
2023-01-01,2,Eixample,9,la Nova Esquerra de l'Eixample,48,2138,1925
2023-01-01,2,Eixample,9,la Nova Esquerra de l'Eixample,48,2139,1660
2023-01-01,2,Eixample,9,la Nova Esquerra de l'Eixample,48,2140,1908
2023-01-01,2,Eixample,9,la Nova Esquerra de l'Eixample,48,2141,1198
2023-01-01,2,Eixample,9,la Nova Esquerra de l'Eixample,49,2142,1980
2023-01-01,2,Eixample,9,la Nova Esquerra de l'Eixample,49,2143,1505
2023-01-01,2,Eixample,9,la Nova Esquerra de l'Eixample,49,2144,1478
2023-01-01,2,Eixample,9,la Nova Esquerra de l'Eixample,49,2145,1214
2023-01-01,2,Eixample,9,la Nova Esquerra de l'Eixample,50,2146,1197
2023-01-01,2,Eixample,9,la Nova Esquerra de l'Eixample,50,2147,2133
2023-01-01,2,Eixample,9,la Nova Esquerra de l'Eixample,50,2148,1538
2023-01-01,2,Eixample,9,la Nova Esquerra de l'Eixample,50,2149,1846
2023-01-01,2,Eixample,10,Sant Antoni,51,2150,1567
2023-01-01,2,Eixample,10,Sant Antoni,51,2151,1487
2023-01-01,2,Eixample,10,Sant Antoni,51,2152,1258
2023-01-01,2,Eixample,10,Sant Antoni,51,2153,1365
2023-01-01,2,Eixample,10,Sant Antoni,51,2154,1037
2023-01-01,2,Eixample,10,Sant Antoni,51,2155,1841
2023-01-01,2,Eixample,10,Sant Antoni,51,2156,1280
2023-01-01,2,Eixample,10,Sant Antoni,51,2157,1244
2023-01-01,2,Eixample,10,Sant Antoni,52,2158,1647
2023-01-01,2,Eixample,10,Sant Antoni,52,2159,1945
2023-01-01,2,Eixample,10,Sant Antoni,52,2160,1954
2023-01-01,2,Eixample,10,Sant Antoni,52,2161,1159
2023-01-01,2,Eixample,10,Sant Antoni,52,2162,1402
2023-01-01,2,Eixample,10,Sant Antoni,53,2163,1758
2023-01-01,2,Eixample,10,Sant Antoni,53,2164,1525
2023-01-01,2,Eixample,10,Sant Antoni,53,2165,1675
2023-01-01,2,Eixample,10,Sant Antoni,54,2166,2110
2023-01-01,2,Eixample,10,Sant Antoni,54,2167,2146
2023-01-01,2,Eixample,10,Sant Antoni,54,2168,2223
2023-01-01,2,Eixample,10,Sant Antoni,55,2169,1492
2023-01-01,2,Eixample,10,Sant Antoni,55,2170,1553
2023-01-01,2,Eixample,10,Sant Antoni,55,2171,1606
2023-01-01,2,Eixample,10,Sant Antoni,55,2172,1493
2023-01-01,2,Eixample,10,Sant Antoni,55,2173,1502
2023-01-01,3,Sants-Montjuïc,11,el Poble-sec,56,3001,1705
2023-01-01,3,Sants-Montjuïc,11,el Poble-sec,56,3002,1902
2023-01-01,3,Sants-Montjuïc,11,el Poble-sec,56,3003,1659
2023-01-01,3,Sants-Montjuïc,11,el Poble-sec,56,3004,1513
2023-01-01,3,Sants-Montjuïc,11,el Poble-sec,56,3005,1199
2023-01-01,3,Sants-Montjuïc,11,el Poble-sec,56,3006,1375
2023-01-01,3,Sants-Montjuïc,11,el Poble-sec,56,3007,1642
2023-01-01,3,Sants-Montjuïc,11,el Poble-sec,56,3008,1168
2023-01-01,3,Sants-Montjuïc,11,el Poble-sec,56,3009,1167
2023-01-01,3,Sants-Montjuïc,11,el Poble-sec,57,3010,1886
2023-01-01,3,Sants-Montjuïc,11,el Poble-sec,57,3011,1762
2023-01-01,3,Sants-Montjuïc,11,el Poble-sec,57,3012,2026
2023-01-01,3,Sants-Montjuïc,11,el Poble-sec,57,3013,1734
2023-01-01,3,Sants-Montjuïc,11,el Poble-sec,57,3014,1758
2023-01-01,3,Sants-Montjuïc,11,el Poble-sec,57,3015,2901
2023-01-01,3,Sants-Montjuïc,11,el Poble-sec,57,3016,1221
2023-01-01,3,Sants-Montjuïc,11,el Poble-sec,57,3017,1587
2023-01-01,3,Sants-Montjuïc,11,el Poble-sec,58,3018,1669
2023-01-01,3,Sants-Montjuïc,11,el Poble-sec,58,3019,1476
2023-01-01,3,Sants-Montjuïc,11,el Poble-sec,58,3020,1206
2023-01-01,3,Sants-Montjuïc,11,el Poble-sec,58,3021,1057
2023-01-01,3,Sants-Montjuïc,11,el Poble-sec,58,3022,1380
2023-01-01,3,Sants-Montjuïc,11,el Poble-sec,59,3023,1807
2023-01-01,3,Sants-Montjuïc,11,el Poble-sec,59,3024,1978
2023-01-01,3,Sants-Montjuïc,12,la Marina del Prat Vermell,60,3025,1678
2023-01-01,3,Sants-Montjuïc,13,la Marina de Port,61,3026,997
2023-01-01,3,Sants-Montjuïc,13,la Marina de Port,61,3027,1745
2023-01-01,3,Sants-Montjuïc,13,la Marina de Port,61,3028,2594
2023-01-01,3,Sants-Montjuïc,13,la Marina de Port,61,3029,1260
2023-01-01,3,Sants-Montjuïc,13,la Marina de Port,61,3030,1560
2023-01-01,3,Sants-Montjuïc,13,la Marina de Port,62,3031,2322
2023-01-01,3,Sants-Montjuïc,13,la Marina de Port,62,3032,1719
2023-01-01,3,Sants-Montjuïc,13,la Marina de Port,62,3033,1458
2023-01-01,3,Sants-Montjuïc,13,la Marina de Port,62,3034,1495
2023-01-01,3,Sants-Montjuïc,13,la Marina de Port,62,3211,1517
2023-01-01,3,Sants-Montjuïc,13,la Marina de Port,63,3035,2284
2023-01-01,3,Sants-Montjuïc,13,la Marina de Port,63,3036,2377
2023-01-01,3,Sants-Montjuïc,13,la Marina de Port,63,3037,980
2023-01-01,3,Sants-Montjuïc,13,la Marina de Port,63,3212,2414
2023-01-01,3,Sants-Montjuïc,13,la Marina de Port,63,3213,2310
2023-01-01,3,Sants-Montjuïc,13,la Marina de Port,64,3038,949
2023-01-01,3,Sants-Montjuïc,13,la Marina de Port,64,3039,2456
2023-01-01,3,Sants-Montjuïc,14,la Font de la Guatlla,65,3040,1809
2023-01-01,3,Sants-Montjuïc,14,la Font de la Guatlla,65,3041,1424
2023-01-01,3,Sants-Montjuïc,14,la Font de la Guatlla,65,3042,1348
2023-01-01,3,Sants-Montjuïc,14,la Font de la Guatlla,65,3043,1525
2023-01-01,3,Sants-Montjuïc,14,la Font de la Guatlla,65,3044,1855
2023-01-01,3,Sants-Montjuïc,14,la Font de la Guatlla,65,3045,1096
2023-01-01,3,Sants-Montjuïc,14,la Font de la Guatlla,65,3046,1442
2023-01-01,3,Sants-Montjuïc,15,Hostafrancs,66,3047,1770
2023-01-01,3,Sants-Montjuïc,15,Hostafrancs,66,3048,1334
2023-01-01,3,Sants-Montjuïc,15,Hostafrancs,66,3049,1673
2023-01-01,3,Sants-Montjuïc,15,Hostafrancs,66,3050,1630
2023-01-01,3,Sants-Montjuïc,15,Hostafrancs,67,3051,1836
2023-01-01,3,Sants-Montjuïc,15,Hostafrancs,67,3052,1393
2023-01-01,3,Sants-Montjuïc,15,Hostafrancs,67,3053,2190
2023-01-01,3,Sants-Montjuïc,15,Hostafrancs,67,3054,1636
2023-01-01,3,Sants-Montjuïc,15,Hostafrancs,67,3055,1574
2023-01-01,3,Sants-Montjuïc,15,Hostafrancs,67,3056,933
2023-01-01,3,Sants-Montjuïc,16,la Bordeta,68,3057,1482
2023-01-01,3,Sants-Montjuïc,16,la Bordeta,68,3058,1794
2023-01-01,3,Sants-Montjuïc,16,la Bordeta,68,3059,1148
2023-01-01,3,Sants-Montjuïc,16,la Bordeta,68,3060,1356
2023-01-01,3,Sants-Montjuïc,16,la Bordeta,68,3061,1118
2023-01-01,3,Sants-Montjuïc,16,la Bordeta,69,3062,1599
2023-01-01,3,Sants-Montjuïc,16,la Bordeta,69,3063,2000
2023-01-01,3,Sants-Montjuïc,16,la Bordeta,69,3064,1481
2023-01-01,3,Sants-Montjuïc,16,la Bordeta,69,3065,1318
2023-01-01,3,Sants-Montjuïc,16,la Bordeta,69,3066,2320
2023-01-01,3,Sants-Montjuïc,16,la Bordeta,69,3067,1729
2023-01-01,3,Sants-Montjuïc,16,la Bordeta,69,3068,1169
2023-01-01,3,Sants-Montjuïc,16,la Bordeta,69,3069,1214
2023-01-01,3,Sants-Montjuïc,17,Sants - Badal,70,3070,1273
2023-01-01,3,Sants-Montjuïc,17,Sants - Badal,70,3071,1347
2023-01-01,3,Sants-Montjuïc,17,Sants - Badal,70,3072,1352
2023-01-01,3,Sants-Montjuïc,17,Sants - Badal,70,3073,1564
2023-01-01,3,Sants-Montjuïc,17,Sants - Badal,70,3074,1787
2023-01-01,3,Sants-Montjuïc,17,Sants - Badal,70,3075,1763
2023-01-01,3,Sants-Montjuïc,17,Sants - Badal,70,3076,1055
2023-01-01,3,Sants-Montjuïc,17,Sants - Badal,70,3077,1367
2023-01-01,3,Sants-Montjuïc,17,Sants - Badal,70,3078,1745
2023-01-01,3,Sants-Montjuïc,17,Sants - Badal,70,3079,1791
2023-01-01,3,Sants-Montjuïc,17,Sants - Badal,70,3080,1514
2023-01-01,3,Sants-Montjuïc,17,Sants - Badal,71,3081,1906
2023-01-01,3,Sants-Montjuïc,17,Sants - Badal,71,3082,1860
2023-01-01,3,Sants-Montjuïc,17,Sants - Badal,71,3083,1365
2023-01-01,3,Sants-Montjuïc,17,Sants - Badal,71,3084,1386
2023-01-01,3,Sants-Montjuïc,17,Sants - Badal,71,3085,1291
2023-01-01,3,Sants-Montjuïc,18,Sants,72,3086,1237
2023-01-01,3,Sants-Montjuïc,18,Sants,72,3087,1461
2023-01-01,3,Sants-Montjuïc,18,Sants,72,3088,1361
2023-01-01,3,Sants-Montjuïc,18,Sants,72,3089,1226
2023-01-01,3,Sants-Montjuïc,18,Sants,72,3090,974
2023-01-01,3,Sants-Montjuïc,18,Sants,72,3091,1474
2023-01-01,3,Sants-Montjuïc,18,Sants,72,3092,1214
2023-01-01,3,Sants-Montjuïc,18,Sants,72,3093,1472
2023-01-01,3,Sants-Montjuïc,18,Sants,72,3094,1203
2023-01-01,3,Sants-Montjuïc,18,Sants,73,3095,1564
2023-01-01,3,Sants-Montjuïc,18,Sants,73,3096,1583
2023-01-01,3,Sants-Montjuïc,18,Sants,73,3097,1584
2023-01-01,3,Sants-Montjuïc,18,Sants,73,3098,1430
2023-01-01,3,Sants-Montjuïc,18,Sants,73,3099,981
2023-01-01,3,Sants-Montjuïc,18,Sants,73,3100,1260
2023-01-01,3,Sants-Montjuïc,18,Sants,74,3101,5661
2023-01-01,3,Sants-Montjuïc,18,Sants,74,3102,1339
2023-01-01,3,Sants-Montjuïc,18,Sants,74,3103,1124
2023-01-01,3,Sants-Montjuïc,18,Sants,74,3104,1451
2023-01-01,3,Sants-Montjuïc,18,Sants,75,3105,1195
2023-01-01,3,Sants-Montjuïc,18,Sants,75,3106,1277
2023-01-01,3,Sants-Montjuïc,18,Sants,76,3107,1686
2023-01-01,3,Sants-Montjuïc,18,Sants,76,3108,1579
2023-01-01,3,Sants-Montjuïc,18,Sants,76,3109,1516
2023-01-01,3,Sants-Montjuïc,18,Sants,76,3110,1458
2023-01-01,3,Sants-Montjuïc,18,Sants,76,3111,1295
2023-01-01,3,Sants-Montjuïc,18,Sants,76,3112,1873
2023-01-01,3,Sants-Montjuïc,18,Sants,76,3113,1549
2023-01-01,3,Sants-Montjuïc,18,Sants,76,3114,1481
2023-01-01,4,Les Corts,19,les Corts,77,4001,1258
2023-01-01,4,Les Corts,19,les Corts,77,4002,1899
2023-01-01,4,Les Corts,19,les Corts,77,4003,1045
2023-01-01,4,Les Corts,19,les Corts,77,4004,1025
2023-01-01,4,Les Corts,19,les Corts,77,4005,1209
2023-01-01,4,Les Corts,19,les Corts,77,4006,1129
2023-01-01,4,Les Corts,19,les Corts,77,4007,1014
2023-01-01,4,Les Corts,19,les Corts,77,4008,993
2023-01-01,4,Les Corts,19,les Corts,77,4009,1460
2023-01-01,4,Les Corts,19,les Corts,78,4010,897
2023-01-01,4,Les Corts,19,les Corts,78,4011,1721
2023-01-01,4,Les Corts,19,les Corts,78,4012,1313
2023-01-01,4,Les Corts,19,les Corts,78,4013,1206
2023-01-01,4,Les Corts,19,les Corts,78,4014,782
2023-01-01,4,Les Corts,19,les Corts,78,4015,1860
2023-01-01,4,Les Corts,19,les Corts,78,4016,1076
2023-01-01,4,Les Corts,19,les Corts,79,4017,1160
2023-01-01,4,Les Corts,19,les Corts,79,4018,1502
2023-01-01,4,Les Corts,19,les Corts,79,4019,1385
2023-01-01,4,Les Corts,19,les Corts,79,4020,1477
2023-01-01,4,Les Corts,19,les Corts,79,4021,1318
2023-01-01,4,Les Corts,19,les Corts,80,4022,1648
2023-01-01,4,Les Corts,19,les Corts,81,4023,1098
2023-01-01,4,Les Corts,19,les Corts,81,4024,1026
2023-01-01,4,Les Corts,19,les Corts,82,4025,1154
2023-01-01,4,Les Corts,19,les Corts,82,4026,1224
2023-01-01,4,Les Corts,19,les Corts,82,4027,1306
2023-01-01,4,Les Corts,19,les Corts,83,4028,1295
2023-01-01,4,Les Corts,19,les Corts,83,4029,1121
2023-01-01,4,Les Corts,19,les Corts,83,4030,1751
2023-01-01,4,Les Corts,19,les Corts,84,4031,2104
2023-01-01,4,Les Corts,19,les Corts,84,4032,1573
2023-01-01,4,Les Corts,19,les Corts,84,4033,1141
2023-01-01,4,Les Corts,19,les Corts,84,4034,1426
2023-01-01,4,Les Corts,19,les Corts,84,4035,1369
2023-01-01,4,Les Corts,20,la Maternitat i Sant Ramon,85,4036,1730
2023-01-01,4,Les Corts,20,la Maternitat i Sant Ramon,85,4037,2161
2023-01-01,4,Les Corts,20,la Maternitat i Sant Ramon,85,4038,1256
2023-01-01,4,Les Corts,20,la Maternitat i Sant Ramon,85,4039,1171
2023-01-01,4,Les Corts,20,la Maternitat i Sant Ramon,85,4040,1627
2023-01-01,4,Les Corts,20,la Maternitat i Sant Ramon,85,4041,1317
2023-01-01,4,Les Corts,20,la Maternitat i Sant Ramon,85,4042,1819
2023-01-01,4,Les Corts,20,la Maternitat i Sant Ramon,86,4043,1606
2023-01-01,4,Les Corts,20,la Maternitat i Sant Ramon,86,4044,1623
2023-01-01,4,Les Corts,20,la Maternitat i Sant Ramon,86,4045,1401
2023-01-01,4,Les Corts,20,la Maternitat i Sant Ramon,86,4046,2365
2023-01-01,4,Les Corts,20,la Maternitat i Sant Ramon,86,4047,1916
2023-01-01,4,Les Corts,20,la Maternitat i Sant Ramon,87,4048,1509
2023-01-01,4,Les Corts,20,la Maternitat i Sant Ramon,87,4049,1189
2023-01-01,4,Les Corts,20,la Maternitat i Sant Ramon,87,4084,1369
2023-01-01,4,Les Corts,21,Pedralbes,88,4050,2061
2023-01-01,4,Les Corts,21,Pedralbes,88,4051,1678
2023-01-01,4,Les Corts,21,Pedralbes,88,4052,2176
2023-01-01,4,Les Corts,21,Pedralbes,89,4053,1730
2023-01-01,4,Les Corts,21,Pedralbes,89,4054,1050
2023-01-01,4,Les Corts,21,Pedralbes,90,4055,1566
2023-01-01,4,Les Corts,21,Pedralbes,90,4056,1869
2023-01-01,5,Sarrià-Sant Gervasi,22,"Vallvidrera, el Tibidabo i les Planes",91,5001,1837
2023-01-01,5,Sarrià-Sant Gervasi,22,"Vallvidrera, el Tibidabo i les Planes",92,5002,1617
2023-01-01,5,Sarrià-Sant Gervasi,22,"Vallvidrera, el Tibidabo i les Planes",92,5003,1377
2023-01-01,5,Sarrià-Sant Gervasi,23,Sarrià,93,5004,1098
2023-01-01,5,Sarrià-Sant Gervasi,23,Sarrià,93,5005,1255
2023-01-01,5,Sarrià-Sant Gervasi,23,Sarrià,94,5006,1814
2023-01-01,5,Sarrià-Sant Gervasi,23,Sarrià,95,5007,1949
2023-01-01,5,Sarrià-Sant Gervasi,23,Sarrià,95,5008,1663
2023-01-01,5,Sarrià-Sant Gervasi,23,Sarrià,95,5009,1674
2023-01-01,5,Sarrià-Sant Gervasi,23,Sarrià,95,5010,1531
2023-01-01,5,Sarrià-Sant Gervasi,23,Sarrià,95,5011,1397
2023-01-01,5,Sarrià-Sant Gervasi,23,Sarrià,95,5012,1391
2023-01-01,5,Sarrià-Sant Gervasi,23,Sarrià,95,5013,1652
2023-01-01,5,Sarrià-Sant Gervasi,23,Sarrià,96,5014,1590
2023-01-01,5,Sarrià-Sant Gervasi,23,Sarrià,96,5015,1515
2023-01-01,5,Sarrià-Sant Gervasi,23,Sarrià,96,5016,1902
2023-01-01,5,Sarrià-Sant Gervasi,23,Sarrià,96,5017,1502
2023-01-01,5,Sarrià-Sant Gervasi,23,Sarrià,96,5018,1276
2023-01-01,5,Sarrià-Sant Gervasi,23,Sarrià,96,5019,1649
2023-01-01,5,Sarrià-Sant Gervasi,24,les Tres Torres,97,5020,1098
2023-01-01,5,Sarrià-Sant Gervasi,24,les Tres Torres,97,5021,1259
2023-01-01,5,Sarrià-Sant Gervasi,24,les Tres Torres,98,5022,1712
2023-01-01,5,Sarrià-Sant Gervasi,24,les Tres Torres,98,5023,1498
2023-01-01,5,Sarrià-Sant Gervasi,24,les Tres Torres,98,5024,1903
2023-01-01,5,Sarrià-Sant Gervasi,24,les Tres Torres,99,5025,1297
2023-01-01,5,Sarrià-Sant Gervasi,24,les Tres Torres,99,5026,1430
2023-01-01,5,Sarrià-Sant Gervasi,24,les Tres Torres,99,5027,1373
2023-01-01,5,Sarrià-Sant Gervasi,24,les Tres Torres,99,5028,1664
2023-01-01,5,Sarrià-Sant Gervasi,24,les Tres Torres,99,5029,1660
2023-01-01,5,Sarrià-Sant Gervasi,24,les Tres Torres,99,5030,1382
2023-01-01,5,Sarrià-Sant Gervasi,25,Sant Gervasi - la Bonanova,100,5031,1557
2023-01-01,5,Sarrià-Sant Gervasi,25,Sant Gervasi - la Bonanova,100,5032,1837
2023-01-01,5,Sarrià-Sant Gervasi,25,Sant Gervasi - la Bonanova,101,5033,1449
2023-01-01,5,Sarrià-Sant Gervasi,25,Sant Gervasi - la Bonanova,101,5034,1172
2023-01-01,5,Sarrià-Sant Gervasi,25,Sant Gervasi - la Bonanova,102,5035,1048
2023-01-01,5,Sarrià-Sant Gervasi,25,Sant Gervasi - la Bonanova,102,5036,1775
2023-01-01,5,Sarrià-Sant Gervasi,25,Sant Gervasi - la Bonanova,102,5037,1483
2023-01-01,5,Sarrià-Sant Gervasi,25,Sant Gervasi - la Bonanova,102,5038,1391
2023-01-01,5,Sarrià-Sant Gervasi,25,Sant Gervasi - la Bonanova,102,5039,1540
2023-01-01,5,Sarrià-Sant Gervasi,25,Sant Gervasi - la Bonanova,102,5040,1473
2023-01-01,5,Sarrià-Sant Gervasi,25,Sant Gervasi - la Bonanova,102,5041,2138
2023-01-01,5,Sarrià-Sant Gervasi,25,Sant Gervasi - la Bonanova,103,5042,1304
2023-01-01,5,Sarrià-Sant Gervasi,25,Sant Gervasi - la Bonanova,103,5043,1492
2023-01-01,5,Sarrià-Sant Gervasi,25,Sant Gervasi - la Bonanova,103,5044,1302
2023-01-01,5,Sarrià-Sant Gervasi,25,Sant Gervasi - la Bonanova,103,5045,1599
2023-01-01,5,Sarrià-Sant Gervasi,25,Sant Gervasi - la Bonanova,103,5046,1146
2023-01-01,5,Sarrià-Sant Gervasi,25,Sant Gervasi - la Bonanova,103,5047,1187
2023-01-01,5,Sarrià-Sant Gervasi,25,Sant Gervasi - la Bonanova,103,5048,1242
2023-01-01,5,Sarrià-Sant Gervasi,26,Sant Gervasi - Galvany,104,5049,1675
2023-01-01,5,Sarrià-Sant Gervasi,26,Sant Gervasi - Galvany,104,5050,1638
2023-01-01,5,Sarrià-Sant Gervasi,26,Sant Gervasi - Galvany,104,5051,1652
2023-01-01,5,Sarrià-Sant Gervasi,26,Sant Gervasi - Galvany,104,5052,1442
2023-01-01,5,Sarrià-Sant Gervasi,26,Sant Gervasi - Galvany,105,5053,1497
2023-01-01,5,Sarrià-Sant Gervasi,26,Sant Gervasi - Galvany,105,5054,1032
2023-01-01,5,Sarrià-Sant Gervasi,26,Sant Gervasi - Galvany,105,5055,1404
2023-01-01,5,Sarrià-Sant Gervasi,26,Sant Gervasi - Galvany,106,5056,1217
2023-01-01,5,Sarrià-Sant Gervasi,26,Sant Gervasi - Galvany,106,5057,1654
2023-01-01,5,Sarrià-Sant Gervasi,26,Sant Gervasi - Galvany,106,5058,1571
2023-01-01,5,Sarrià-Sant Gervasi,26,Sant Gervasi - Galvany,106,5059,1516
2023-01-01,5,Sarrià-Sant Gervasi,26,Sant Gervasi - Galvany,106,5060,1156
2023-01-01,5,Sarrià-Sant Gervasi,26,Sant Gervasi - Galvany,107,5061,1441
2023-01-01,5,Sarrià-Sant Gervasi,26,Sant Gervasi - Galvany,107,5062,1625
2023-01-01,5,Sarrià-Sant Gervasi,26,Sant Gervasi - Galvany,107,5063,1573
2023-01-01,5,Sarrià-Sant Gervasi,26,Sant Gervasi - Galvany,107,5064,1632
2023-01-01,5,Sarrià-Sant Gervasi,26,Sant Gervasi - Galvany,107,5065,1713
2023-01-01,5,Sarrià-Sant Gervasi,26,Sant Gervasi - Galvany,108,5066,1322
2023-01-01,5,Sarrià-Sant Gervasi,26,Sant Gervasi - Galvany,108,5067,1348
2023-01-01,5,Sarrià-Sant Gervasi,26,Sant Gervasi - Galvany,108,5068,1574
2023-01-01,5,Sarrià-Sant Gervasi,26,Sant Gervasi - Galvany,108,5069,1737
2023-01-01,5,Sarrià-Sant Gervasi,26,Sant Gervasi - Galvany,109,5070,1466
2023-01-01,5,Sarrià-Sant Gervasi,26,Sant Gervasi - Galvany,109,5071,1724
2023-01-01,5,Sarrià-Sant Gervasi,26,Sant Gervasi - Galvany,109,5072,1707
2023-01-01,5,Sarrià-Sant Gervasi,26,Sant Gervasi - Galvany,109,5073,1590
2023-01-01,5,Sarrià-Sant Gervasi,26,Sant Gervasi - Galvany,109,5074,1652
2023-01-01,5,Sarrià-Sant Gervasi,26,Sant Gervasi - Galvany,110,5075,1841
2023-01-01,5,Sarrià-Sant Gervasi,26,Sant Gervasi - Galvany,110,5076,1420
2023-01-01,5,Sarrià-Sant Gervasi,26,Sant Gervasi - Galvany,110,5077,1519
2023-01-01,5,Sarrià-Sant Gervasi,26,Sant Gervasi - Galvany,110,5078,2093
2023-01-01,5,Sarrià-Sant Gervasi,26,Sant Gervasi - Galvany,110,5079,1243
2023-01-01,5,Sarrià-Sant Gervasi,27,el Putxet i el Farró,111,5080,1368
2023-01-01,5,Sarrià-Sant Gervasi,27,el Putxet i el Farró,111,5081,1592
2023-01-01,5,Sarrià-Sant Gervasi,27,el Putxet i el Farró,111,5082,1627
2023-01-01,5,Sarrià-Sant Gervasi,27,el Putxet i el Farró,111,5083,1283
2023-01-01,5,Sarrià-Sant Gervasi,27,el Putxet i el Farró,111,5084,1362
2023-01-01,5,Sarrià-Sant Gervasi,27,el Putxet i el Farró,111,5085,1327
2023-01-01,5,Sarrià-Sant Gervasi,27,el Putxet i el Farró,111,5086,1333
2023-01-01,5,Sarrià-Sant Gervasi,27,el Putxet i el Farró,111,5087,1625
2023-01-01,5,Sarrià-Sant Gervasi,27,el Putxet i el Farró,112,5088,1798
2023-01-01,5,Sarrià-Sant Gervasi,27,el Putxet i el Farró,112,5089,1840
2023-01-01,5,Sarrià-Sant Gervasi,27,el Putxet i el Farró,112,5090,1848
2023-01-01,5,Sarrià-Sant Gervasi,27,el Putxet i el Farró,112,5091,1540
2023-01-01,5,Sarrià-Sant Gervasi,27,el Putxet i el Farró,112,5092,1642
2023-01-01,5,Sarrià-Sant Gervasi,27,el Putxet i el Farró,113,5093,1134
2023-01-01,5,Sarrià-Sant Gervasi,27,el Putxet i el Farró,113,5094,2764
2023-01-01,5,Sarrià-Sant Gervasi,27,el Putxet i el Farró,113,5095,1695
2023-01-01,5,Sarrià-Sant Gervasi,27,el Putxet i el Farró,113,5096,1108
2023-01-01,5,Sarrià-Sant Gervasi,27,el Putxet i el Farró,113,5097,1636
2023-01-01,5,Sarrià-Sant Gervasi,27,el Putxet i el Farró,113,5098,1508
2023-01-01,6,Gràcia,28,Vallcarca i els Penitents,114,6001,1231
2023-01-01,6,Gràcia,28,Vallcarca i els Penitents,114,6002,1479
2023-01-01,6,Gràcia,28,Vallcarca i els Penitents,114,6003,2383
2023-01-01,6,Gràcia,28,Vallcarca i els Penitents,114,6004,1394
2023-01-01,6,Gràcia,28,Vallcarca i els Penitents,115,6006,1024
2023-01-01,6,Gràcia,28,Vallcarca i els Penitents,115,6007,2005
2023-01-01,6,Gràcia,28,Vallcarca i els Penitents,115,6008,2001
2023-01-01,6,Gràcia,28,Vallcarca i els Penitents,116,6009,1308
2023-01-01,6,Gràcia,28,Vallcarca i els Penitents,116,6010,1007
2023-01-01,6,Gràcia,28,Vallcarca i els Penitents,117,6011,1302
2023-01-01,6,Gràcia,28,Vallcarca i els Penitents,117,6012,1196
2023-01-01,6,Gràcia,29,el Coll,118,6013,1809
2023-01-01,6,Gràcia,29,el Coll,118,6014,1429
2023-01-01,6,Gràcia,29,el Coll,118,6015,1457
2023-01-01,6,Gràcia,29,el Coll,118,6016,1612
2023-01-01,6,Gràcia,29,el Coll,118,6017,1433
2023-01-01,6,Gràcia,30,la Salut,119,6018,1342
2023-01-01,6,Gràcia,30,la Salut,119,6019,1552
2023-01-01,6,Gràcia,30,la Salut,119,6020,1198
2023-01-01,6,Gràcia,30,la Salut,119,6021,1367
2023-01-01,6,Gràcia,30,la Salut,120,6022,1372
2023-01-01,6,Gràcia,30,la Salut,120,6023,1270
2023-01-01,6,Gràcia,30,la Salut,120,6024,1700
2023-01-01,6,Gràcia,30,la Salut,120,6025,1419
2023-01-01,6,Gràcia,30,la Salut,120,6026,1089
2023-01-01,6,Gràcia,30,la Salut,120,6027,1182
2023-01-01,6,Gràcia,31,la Vila de Gràcia,121,6028,1344
2023-01-01,6,Gràcia,31,la Vila de Gràcia,121,6029,1340
2023-01-01,6,Gràcia,31,la Vila de Gràcia,121,6030,1364
2023-01-01,6,Gràcia,31,la Vila de Gràcia,121,6031,1072
2023-01-01,6,Gràcia,31,la Vila de Gràcia,121,6032,1145
2023-01-01,6,Gràcia,31,la Vila de Gràcia,122,6033,1280
2023-01-01,6,Gràcia,31,la Vila de Gràcia,122,6034,1145
2023-01-01,6,Gràcia,31,la Vila de Gràcia,122,6035,1089
2023-01-01,6,Gràcia,31,la Vila de Gràcia,122,6036,1412
2023-01-01,6,Gràcia,31,la Vila de Gràcia,123,6037,1081
2023-01-01,6,Gràcia,31,la Vila de Gràcia,123,6038,1517
2023-01-01,6,Gràcia,31,la Vila de Gràcia,123,6039,1605
2023-01-01,6,Gràcia,31,la Vila de Gràcia,124,6040,1672
2023-01-01,6,Gràcia,31,la Vila de Gràcia,124,6041,1742
2023-01-01,6,Gràcia,31,la Vila de Gràcia,124,6042,1707
2023-01-01,6,Gràcia,31,la Vila de Gràcia,125,6043,1268
2023-01-01,6,Gràcia,31,la Vila de Gràcia,125,6044,1638
2023-01-01,6,Gràcia,31,la Vila de Gràcia,126,6045,1258
2023-01-01,6,Gràcia,31,la Vila de Gràcia,126,6046,1084
2023-01-01,6,Gràcia,31,la Vila de Gràcia,126,6047,1246
2023-01-01,6,Gràcia,31,la Vila de Gràcia,126,6048,1404
2023-01-01,6,Gràcia,31,la Vila de Gràcia,127,6049,1093
2023-01-01,6,Gràcia,31,la Vila de Gràcia,127,6050,1315
2023-01-01,6,Gràcia,31,la Vila de Gràcia,127,6051,1184
2023-01-01,6,Gràcia,31,la Vila de Gràcia,128,6052,1450
2023-01-01,6,Gràcia,31,la Vila de Gràcia,128,6053,1557
2023-01-01,6,Gràcia,31,la Vila de Gràcia,128,6054,1583
2023-01-01,6,Gràcia,31,la Vila de Gràcia,129,6055,1370
2023-01-01,6,Gràcia,31,la Vila de Gràcia,129,6056,1607
2023-01-01,6,Gràcia,31,la Vila de Gràcia,129,6057,1515
2023-01-01,6,Gràcia,31,la Vila de Gràcia,129,6058,1706
2023-01-01,6,Gràcia,31,la Vila de Gràcia,129,6059,1485
2023-01-01,6,Gràcia,31,la Vila de Gràcia,130,6060,1725
2023-01-01,6,Gràcia,31,la Vila de Gràcia,130,6061,1346
2023-01-01,6,Gràcia,31,la Vila de Gràcia,130,6062,1248
2023-01-01,6,Gràcia,31,la Vila de Gràcia,130,6063,1451
2023-01-01,6,Gràcia,32,el Camp d'en Grassot i Gràcia Nova,131,6064,1934
2023-01-01,6,Gràcia,32,el Camp d'en Grassot i Gràcia Nova,131,6065,1114
2023-01-01,6,Gràcia,32,el Camp d'en Grassot i Gràcia Nova,131,6066,974
2023-01-01,6,Gràcia,32,el Camp d'en Grassot i Gràcia Nova,131,6067,1800
2023-01-01,6,Gràcia,32,el Camp d'en Grassot i Gràcia Nova,131,6068,1553
2023-01-01,6,Gràcia,32,el Camp d'en Grassot i Gràcia Nova,131,6069,1047
2023-01-01,6,Gràcia,32,el Camp d'en Grassot i Gràcia Nova,131,6070,1878
2023-01-01,6,Gràcia,32,el Camp d'en Grassot i Gràcia Nova,132,6071,1076
2023-01-01,6,Gràcia,32,el Camp d'en Grassot i Gràcia Nova,132,6072,1613
2023-01-01,6,Gràcia,32,el Camp d'en Grassot i Gràcia Nova,132,6073,1280
2023-01-01,6,Gràcia,32,el Camp d'en Grassot i Gràcia Nova,132,6074,1104
2023-01-01,6,Gràcia,32,el Camp d'en Grassot i Gràcia Nova,132,6075,1055
2023-01-01,6,Gràcia,32,el Camp d'en Grassot i Gràcia Nova,132,6076,1269
2023-01-01,6,Gràcia,32,el Camp d'en Grassot i Gràcia Nova,133,6077,1160
2023-01-01,6,Gràcia,32,el Camp d'en Grassot i Gràcia Nova,133,6078,1303
2023-01-01,6,Gràcia,32,el Camp d'en Grassot i Gràcia Nova,133,6079,1133
2023-01-01,6,Gràcia,32,el Camp d'en Grassot i Gràcia Nova,133,6080,1171
2023-01-01,6,Gràcia,32,el Camp d'en Grassot i Gràcia Nova,133,6081,1310
2023-01-01,6,Gràcia,32,el Camp d'en Grassot i Gràcia Nova,134,6082,3136
2023-01-01,6,Gràcia,32,el Camp d'en Grassot i Gràcia Nova,134,6083,1643
2023-01-01,6,Gràcia,32,el Camp d'en Grassot i Gràcia Nova,134,6084,1443
2023-01-01,6,Gràcia,32,el Camp d'en Grassot i Gràcia Nova,134,6085,1311
2023-01-01,6,Gràcia,32,el Camp d'en Grassot i Gràcia Nova,134,6086,969
2023-01-01,6,Gràcia,32,el Camp d'en Grassot i Gràcia Nova,134,6087,1804
2023-01-01,6,Gràcia,32,el Camp d'en Grassot i Gràcia Nova,134,6088,1239
2023-01-01,7,Horta-Guinardó,33,el Baix Guinardó,135,7001,1551
2023-01-01,7,Horta-Guinardó,33,el Baix Guinardó,135,7002,1096
2023-01-01,7,Horta-Guinardó,33,el Baix Guinardó,135,7003,1347
2023-01-01,7,Horta-Guinardó,33,el Baix Guinardó,135,7004,1542
2023-01-01,7,Horta-Guinardó,33,el Baix Guinardó,135,7005,1445
2023-01-01,7,Horta-Guinardó,33,el Baix Guinardó,135,7006,940
2023-01-01,7,Horta-Guinardó,33,el Baix Guinardó,135,7007,1399
2023-01-01,7,Horta-Guinardó,33,el Baix Guinardó,135,7008,1391
2023-01-01,7,Horta-Guinardó,33,el Baix Guinardó,136,7009,1226
2023-01-01,7,Horta-Guinardó,33,el Baix Guinardó,136,7010,1265
2023-01-01,7,Horta-Guinardó,33,el Baix Guinardó,136,7011,1165
2023-01-01,7,Horta-Guinardó,33,el Baix Guinardó,136,7012,1534
2023-01-01,7,Horta-Guinardó,33,el Baix Guinardó,136,7013,1222
2023-01-01,7,Horta-Guinardó,33,el Baix Guinardó,137,7014,857
2023-01-01,7,Horta-Guinardó,33,el Baix Guinardó,137,7015,1384
2023-01-01,7,Horta-Guinardó,33,el Baix Guinardó,137,7016,1349
2023-01-01,7,Horta-Guinardó,33,el Baix Guinardó,137,7017,1773
2023-01-01,7,Horta-Guinardó,33,el Baix Guinardó,137,7018,1684
2023-01-01,7,Horta-Guinardó,33,el Baix Guinardó,137,7019,1549
2023-01-01,7,Horta-Guinardó,34,Can Baró,138,7020,1738
2023-01-01,7,Horta-Guinardó,34,Can Baró,138,7021,1088
2023-01-01,7,Horta-Guinardó,34,Can Baró,138,7022,1147
2023-01-01,7,Horta-Guinardó,34,Can Baró,138,7023,1279
2023-01-01,7,Horta-Guinardó,34,Can Baró,138,7024,1523
2023-01-01,7,Horta-Guinardó,34,Can Baró,138,7025,1529
2023-01-01,7,Horta-Guinardó,34,Can Baró,138,7026,1117
2023-01-01,7,Horta-Guinardó,35,el Guinardó,139,7027,2134
2023-01-01,7,Horta-Guinardó,35,el Guinardó,139,7028,1495
2023-01-01,7,Horta-Guinardó,35,el Guinardó,139,7029,1336
2023-01-01,7,Horta-Guinardó,35,el Guinardó,139,7030,1449
2023-01-01,7,Horta-Guinardó,35,el Guinardó,140,7031,1595
2023-01-01,7,Horta-Guinardó,35,el Guinardó,140,7032,1455
2023-01-01,7,Horta-Guinardó,35,el Guinardó,140,7033,1499
2023-01-01,7,Horta-Guinardó,35,el Guinardó,140,7034,1801
2023-01-01,7,Horta-Guinardó,35,el Guinardó,140,7035,1730
2023-01-01,7,Horta-Guinardó,35,el Guinardó,140,7036,1447
2023-01-01,7,Horta-Guinardó,35,el Guinardó,140,7037,1523
2023-01-01,7,Horta-Guinardó,35,el Guinardó,140,7038,1279
2023-01-01,7,Horta-Guinardó,35,el Guinardó,141,7039,1597
2023-01-01,7,Horta-Guinardó,35,el Guinardó,141,7040,1482
2023-01-01,7,Horta-Guinardó,35,el Guinardó,141,7041,1397
2023-01-01,7,Horta-Guinardó,35,el Guinardó,142,7042,1590
2023-01-01,7,Horta-Guinardó,35,el Guinardó,142,7043,1468
2023-01-01,7,Horta-Guinardó,35,el Guinardó,142,7044,1307
2023-01-01,7,Horta-Guinardó,35,el Guinardó,142,7045,1616
2023-01-01,7,Horta-Guinardó,35,el Guinardó,142,7046,1349
2023-01-01,7,Horta-Guinardó,35,el Guinardó,143,7047,1503
2023-01-01,7,Horta-Guinardó,35,el Guinardó,143,7048,1307
2023-01-01,7,Horta-Guinardó,35,el Guinardó,143,7049,1197
2023-01-01,7,Horta-Guinardó,35,el Guinardó,143,7050,1208
2023-01-01,7,Horta-Guinardó,35,el Guinardó,143,7051,1811
2023-01-01,7,Horta-Guinardó,36,la Font d'en Fargues,144,7052,1303
2023-01-01,7,Horta-Guinardó,36,la Font d'en Fargues,144,7053,1458
2023-01-01,7,Horta-Guinardó,36,la Font d'en Fargues,144,7054,1666
2023-01-01,7,Horta-Guinardó,36,la Font d'en Fargues,145,7055,1217
2023-01-01,7,Horta-Guinardó,36,la Font d'en Fargues,145,7056,1217
2023-01-01,7,Horta-Guinardó,36,la Font d'en Fargues,145,7057,1498
2023-01-01,7,Horta-Guinardó,36,la Font d'en Fargues,145,7058,1350
2023-01-01,7,Horta-Guinardó,37,el Carmel,146,7059,1334
2023-01-01,7,Horta-Guinardó,37,el Carmel,146,7060,1890
2023-01-01,7,Horta-Guinardó,37,el Carmel,147,7061,1170
2023-01-01,7,Horta-Guinardó,37,el Carmel,147,7062,1336
2023-01-01,7,Horta-Guinardó,37,el Carmel,147,7063,1473
2023-01-01,7,Horta-Guinardó,37,el Carmel,147,7064,1709
2023-01-01,7,Horta-Guinardó,37,el Carmel,147,7065,1735
2023-01-01,7,Horta-Guinardó,37,el Carmel,147,7066,1795
2023-01-01,7,Horta-Guinardó,37,el Carmel,147,7067,1595
2023-01-01,7,Horta-Guinardó,37,el Carmel,147,7068,1327
2023-01-01,7,Horta-Guinardó,37,el Carmel,147,7069,1446
2023-01-01,7,Horta-Guinardó,37,el Carmel,147,7070,1409
2023-01-01,7,Horta-Guinardó,37,el Carmel,148,7071,1351
2023-01-01,7,Horta-Guinardó,37,el Carmel,148,7072,1440
2023-01-01,7,Horta-Guinardó,37,el Carmel,148,7073,1157
2023-01-01,7,Horta-Guinardó,37,el Carmel,148,7074,1684
2023-01-01,7,Horta-Guinardó,37,el Carmel,148,7075,1218
2023-01-01,7,Horta-Guinardó,37,el Carmel,148,7076,1387
2023-01-01,7,Horta-Guinardó,37,el Carmel,148,7077,1322
2023-01-01,7,Horta-Guinardó,37,el Carmel,148,7078,1403
2023-01-01,7,Horta-Guinardó,37,el Carmel,148,7079,1524
2023-01-01,7,Horta-Guinardó,37,el Carmel,148,7080,1807
2023-01-01,7,Horta-Guinardó,38,la Teixonera,149,7081,1915
2023-01-01,7,Horta-Guinardó,38,la Teixonera,149,7082,1238
2023-01-01,7,Horta-Guinardó,38,la Teixonera,149,7083,1380
2023-01-01,7,Horta-Guinardó,38,la Teixonera,149,7084,1386
2023-01-01,7,Horta-Guinardó,38,la Teixonera,149,7085,1283
2023-01-01,7,Horta-Guinardó,38,la Teixonera,149,7086,1496
2023-01-01,7,Horta-Guinardó,38,la Teixonera,149,7087,1652
2023-01-01,7,Horta-Guinardó,38,la Teixonera,149,7088,1737
2023-01-01,7,Horta-Guinardó,39,Sant Genís dels Agudells,150,7089,1417
2023-01-01,7,Horta-Guinardó,39,Sant Genís dels Agudells,150,7090,1480
2023-01-01,7,Horta-Guinardó,39,Sant Genís dels Agudells,150,7091,1240
2023-01-01,7,Horta-Guinardó,39,Sant Genís dels Agudells,150,7092,1501
2023-01-01,7,Horta-Guinardó,39,Sant Genís dels Agudells,150,7093,1747
2023-01-01,7,Horta-Guinardó,40,Montbau,151,7094,1269
2023-01-01,7,Horta-Guinardó,40,Montbau,151,7095,1562
2023-01-01,7,Horta-Guinardó,40,Montbau,151,7096,1461
2023-01-01,7,Horta-Guinardó,40,Montbau,151,7097,882
2023-01-01,7,Horta-Guinardó,41,la Vall d'Hebron,152,7098,2155
2023-01-01,7,Horta-Guinardó,41,la Vall d'Hebron,152,7099,1025
2023-01-01,7,Horta-Guinardó,41,la Vall d'Hebron,152,7100,1192
2023-01-01,7,Horta-Guinardó,41,la Vall d'Hebron,152,7101,1502
2023-01-01,7,Horta-Guinardó,42,la Clota,153,7102,699
2023-01-01,7,Horta-Guinardó,43,Horta,154,7103,1538
2023-01-01,7,Horta-Guinardó,43,Horta,154,7104,1573
2023-01-01,7,Horta-Guinardó,43,Horta,154,7105,1034
2023-01-01,7,Horta-Guinardó,43,Horta,154,7106,1202
2023-01-01,7,Horta-Guinardó,43,Horta,154,7107,1176
2023-01-01,7,Horta-Guinardó,43,Horta,154,7108,1256
2023-01-01,7,Horta-Guinardó,43,Horta,154,7109,1678
2023-01-01,7,Horta-Guinardó,43,Horta,154,7110,1003
2023-01-01,7,Horta-Guinardó,43,Horta,154,7111,919
2023-01-01,7,Horta-Guinardó,43,Horta,155,7112,1339
2023-01-01,7,Horta-Guinardó,43,Horta,155,7113,1216
2023-01-01,7,Horta-Guinardó,43,Horta,155,7114,1236
2023-01-01,7,Horta-Guinardó,43,Horta,155,7115,1076
2023-01-01,7,Horta-Guinardó,43,Horta,155,7116,1520
2023-01-01,7,Horta-Guinardó,43,Horta,155,7117,3941
2023-01-01,7,Horta-Guinardó,43,Horta,155,7118,1252
2023-01-01,7,Horta-Guinardó,43,Horta,156,7119,1302
2023-01-01,7,Horta-Guinardó,43,Horta,156,7120,1223
2023-01-01,7,Horta-Guinardó,43,Horta,156,7121,1192
2023-01-01,7,Horta-Guinardó,43,Horta,156,7122,1304
2023-01-01,7,Horta-Guinardó,43,Horta,156,7123,1415
2023-01-01,8,Nou Barris,44,Vilapicina i la Torre Llobeta,157,8001,1282
2023-01-01,8,Nou Barris,44,Vilapicina i la Torre Llobeta,157,8002,1254
2023-01-01,8,Nou Barris,44,Vilapicina i la Torre Llobeta,157,8003,1228
2023-01-01,8,Nou Barris,44,Vilapicina i la Torre Llobeta,157,8004,1494
2023-01-01,8,Nou Barris,44,Vilapicina i la Torre Llobeta,157,8005,1131
2023-01-01,8,Nou Barris,44,Vilapicina i la Torre Llobeta,157,8006,1680
2023-01-01,8,Nou Barris,44,Vilapicina i la Torre Llobeta,157,8007,1159
2023-01-01,8,Nou Barris,44,Vilapicina i la Torre Llobeta,157,8008,1607
2023-01-01,8,Nou Barris,44,Vilapicina i la Torre Llobeta,158,8009,1806
2023-01-01,8,Nou Barris,44,Vilapicina i la Torre Llobeta,159,8010,1101
2023-01-01,8,Nou Barris,44,Vilapicina i la Torre Llobeta,159,8011,1165
2023-01-01,8,Nou Barris,44,Vilapicina i la Torre Llobeta,159,8012,1272
2023-01-01,8,Nou Barris,44,Vilapicina i la Torre Llobeta,159,8013,1188
2023-01-01,8,Nou Barris,44,Vilapicina i la Torre Llobeta,159,8014,1287
2023-01-01,8,Nou Barris,44,Vilapicina i la Torre Llobeta,160,8015,1410
2023-01-01,8,Nou Barris,44,Vilapicina i la Torre Llobeta,160,8016,1152
2023-01-01,8,Nou Barris,44,Vilapicina i la Torre Llobeta,160,8017,1362
2023-01-01,8,Nou Barris,44,Vilapicina i la Torre Llobeta,160,8018,1506
2023-01-01,8,Nou Barris,44,Vilapicina i la Torre Llobeta,160,8019,1835
2023-01-01,8,Nou Barris,45,Porta,161,8020,1368
2023-01-01,8,Nou Barris,45,Porta,161,8021,1443
2023-01-01,8,Nou Barris,45,Porta,161,8022,1211
2023-01-01,8,Nou Barris,45,Porta,161,8023,1384
2023-01-01,8,Nou Barris,45,Porta,161,8024,1352
2023-01-01,8,Nou Barris,45,Porta,161,8025,1267
2023-01-01,8,Nou Barris,45,Porta,161,8026,1378
2023-01-01,8,Nou Barris,45,Porta,162,8027,1440
2023-01-01,8,Nou Barris,45,Porta,162,8028,1079
2023-01-01,8,Nou Barris,45,Porta,162,8029,1501
2023-01-01,8,Nou Barris,45,Porta,162,8030,1471
2023-01-01,8,Nou Barris,45,Porta,163,8031,1310
2023-01-01,8,Nou Barris,45,Porta,163,8032,1260
2023-01-01,8,Nou Barris,45,Porta,163,8033,1494
2023-01-01,8,Nou Barris,45,Porta,163,8034,1233
2023-01-01,8,Nou Barris,45,Porta,163,8035,5647
2023-01-01,8,Nou Barris,45,Porta,163,8036,1548
2023-01-01,8,Nou Barris,45,Porta,163,8037,1592
2023-01-01,8,Nou Barris,46,el Turó de la Peira,164,8038,1634
2023-01-01,8,Nou Barris,46,el Turó de la Peira,164,8039,1538
2023-01-01,8,Nou Barris,46,el Turó de la Peira,164,8040,1973
2023-01-01,8,Nou Barris,46,el Turó de la Peira,164,8041,2512
2023-01-01,8,Nou Barris,46,el Turó de la Peira,164,8042,1242
2023-01-01,8,Nou Barris,46,el Turó de la Peira,164,8043,1099
2023-01-01,8,Nou Barris,46,el Turó de la Peira,165,8044,1361
2023-01-01,8,Nou Barris,46,el Turó de la Peira,165,8045,1797
2023-01-01,8,Nou Barris,46,el Turó de la Peira,165,8046,1484
2023-01-01,8,Nou Barris,46,el Turó de la Peira,165,8047,1655
2023-01-01,8,Nou Barris,47,Can Peguera,166,8048,973
2023-01-01,8,Nou Barris,47,Can Peguera,166,8049,1197
2023-01-01,8,Nou Barris,48,la Guineueta,167,8050,1354
2023-01-01,8,Nou Barris,48,la Guineueta,167,8051,1347
2023-01-01,8,Nou Barris,48,la Guineueta,167,8052,881
2023-01-01,8,Nou Barris,48,la Guineueta,167,8053,1108
2023-01-01,8,Nou Barris,48,la Guineueta,167,8054,1650
2023-01-01,8,Nou Barris,48,la Guineueta,167,8055,1790
2023-01-01,8,Nou Barris,48,la Guineueta,167,8215,1596
2023-01-01,8,Nou Barris,48,la Guineueta,168,8056,1534
2023-01-01,8,Nou Barris,48,la Guineueta,168,8057,1314
2023-01-01,8,Nou Barris,48,la Guineueta,168,8058,1663
2023-01-01,8,Nou Barris,48,la Guineueta,168,8059,1028
2023-01-01,8,Nou Barris,49,Canyelles,169,8060,1184
2023-01-01,8,Nou Barris,49,Canyelles,169,8061,1617
2023-01-01,8,Nou Barris,49,Canyelles,169,8062,1124
2023-01-01,8,Nou Barris,49,Canyelles,169,8063,1061
2023-01-01,8,Nou Barris,49,Canyelles,169,8064,1800
2023-01-01,8,Nou Barris,50,les Roquetes,170,8065,1765
2023-01-01,8,Nou Barris,50,les Roquetes,170,8066,1606
2023-01-01,8,Nou Barris,50,les Roquetes,170,8067,1822
2023-01-01,8,Nou Barris,50,les Roquetes,170,8068,1856
2023-01-01,8,Nou Barris,50,les Roquetes,170,8069,1588
2023-01-01,8,Nou Barris,50,les Roquetes,171,8070,1480
2023-01-01,8,Nou Barris,50,les Roquetes,171,8071,1730
2023-01-01,8,Nou Barris,50,les Roquetes,171,8072,1206
2023-01-01,8,Nou Barris,50,les Roquetes,171,8073,1888
2023-01-01,8,Nou Barris,50,les Roquetes,171,8074,1582
2023-01-01,8,Nou Barris,51,Verdun,172,8075,1911
2023-01-01,8,Nou Barris,51,Verdun,172,8076,1583
2023-01-01,8,Nou Barris,51,Verdun,172,8077,1411
2023-01-01,8,Nou Barris,51,Verdun,173,8078,1596
2023-01-01,8,Nou Barris,51,Verdun,173,8079,1442
2023-01-01,8,Nou Barris,51,Verdun,173,8080,1537
2023-01-01,8,Nou Barris,51,Verdun,173,8081,1682
2023-01-01,8,Nou Barris,51,Verdun,173,8082,1612
2023-01-01,8,Nou Barris,52,la Prosperitat,174,8083,1295
2023-01-01,8,Nou Barris,52,la Prosperitat,174,8084,1114
2023-01-01,8,Nou Barris,52,la Prosperitat,174,8085,1540
2023-01-01,8,Nou Barris,52,la Prosperitat,174,8086,1687
2023-01-01,8,Nou Barris,52,la Prosperitat,175,8087,1205
2023-01-01,8,Nou Barris,52,la Prosperitat,175,8088,1288
2023-01-01,8,Nou Barris,52,la Prosperitat,175,8089,1208
2023-01-01,8,Nou Barris,52,la Prosperitat,175,8090,1208
2023-01-01,8,Nou Barris,52,la Prosperitat,175,8091,1200
2023-01-01,8,Nou Barris,52,la Prosperitat,176,8092,996
2023-01-01,8,Nou Barris,52,la Prosperitat,176,8093,1284
2023-01-01,8,Nou Barris,52,la Prosperitat,176,8094,1422
2023-01-01,8,Nou Barris,52,la Prosperitat,176,8095,1103
2023-01-01,8,Nou Barris,52,la Prosperitat,177,8096,1543
2023-01-01,8,Nou Barris,52,la Prosperitat,177,8097,1287
2023-01-01,8,Nou Barris,52,la Prosperitat,177,8098,1268
2023-01-01,8,Nou Barris,52,la Prosperitat,177,8099,1449
2023-01-01,8,Nou Barris,52,la Prosperitat,177,8100,1306
2023-01-01,8,Nou Barris,52,la Prosperitat,177,8101,1708
2023-01-01,8,Nou Barris,52,la Prosperitat,177,8102,1553
2023-01-01,8,Nou Barris,53,la Trinitat Nova,178,8103,1681
2023-01-01,8,Nou Barris,53,la Trinitat Nova,178,8104,1292
2023-01-01,8,Nou Barris,53,la Trinitat Nova,178,8105,1428
2023-01-01,8,Nou Barris,53,la Trinitat Nova,178,8106,1294
2023-01-01,8,Nou Barris,53,la Trinitat Nova,178,8107,1929
2023-01-01,8,Nou Barris,54,Torre Baró,179,8108,1986
2023-01-01,8,Nou Barris,54,Torre Baró,179,8109,953
2023-01-01,8,Nou Barris,55,Ciutat Meridiana,180,8110,1971
2023-01-01,8,Nou Barris,55,Ciutat Meridiana,180,8111,1662
2023-01-01,8,Nou Barris,55,Ciutat Meridiana,180,8112,1715
2023-01-01,8,Nou Barris,55,Ciutat Meridiana,180,8113,1829
2023-01-01,8,Nou Barris,55,Ciutat Meridiana,180,8114,1971
2023-01-01,8,Nou Barris,55,Ciutat Meridiana,180,8115,1709
2023-01-01,8,Nou Barris,56,Vallbona,181,8116,1421
2023-01-01,9,Sant Andreu,57,la Trinitat Vella,182,9001,2693
2023-01-01,9,Sant Andreu,57,la Trinitat Vella,182,9002,2184
2023-01-01,9,Sant Andreu,57,la Trinitat Vella,182,9003,2160
2023-01-01,9,Sant Andreu,57,la Trinitat Vella,182,9004,1617
2023-01-01,9,Sant Andreu,57,la Trinitat Vella,182,9005,1632
2023-01-01,9,Sant Andreu,58,Baró de Viver,183,9006,1266
2023-01-01,9,Sant Andreu,58,Baró de Viver,183,9007,1316
2023-01-01,9,Sant Andreu,59,el Bon Pastor,184,9008,1837
2023-01-01,9,Sant Andreu,59,el Bon Pastor,184,9009,1420
2023-01-01,9,Sant Andreu,59,el Bon Pastor,185,9010,1784
2023-01-01,9,Sant Andreu,59,el Bon Pastor,185,9011,1627
2023-01-01,9,Sant Andreu,59,el Bon Pastor,185,9013,2117
2023-01-01,9,Sant Andreu,59,el Bon Pastor,185,9014,3746
2023-01-01,9,Sant Andreu,59,el Bon Pastor,185,9015,1903
2023-01-01,9,Sant Andreu,60,Sant Andreu,186,9016,1262
2023-01-01,9,Sant Andreu,60,Sant Andreu,186,9017,1503
2023-01-01,9,Sant Andreu,60,Sant Andreu,186,9018,1443
2023-01-01,9,Sant Andreu,60,Sant Andreu,186,9019,2663
2023-01-01,9,Sant Andreu,60,Sant Andreu,186,9020,1121
2023-01-01,9,Sant Andreu,60,Sant Andreu,186,9021,1392
2023-01-01,9,Sant Andreu,60,Sant Andreu,186,9022,1266
2023-01-01,9,Sant Andreu,60,Sant Andreu,186,9023,1198
2023-01-01,9,Sant Andreu,60,Sant Andreu,187,9024,1177
2023-01-01,9,Sant Andreu,60,Sant Andreu,187,9025,1269
2023-01-01,9,Sant Andreu,60,Sant Andreu,187,9026,1468
2023-01-01,9,Sant Andreu,60,Sant Andreu,187,9027,1286
2023-01-01,9,Sant Andreu,60,Sant Andreu,188,9028,1533
2023-01-01,9,Sant Andreu,60,Sant Andreu,188,9029,1078
2023-01-01,9,Sant Andreu,60,Sant Andreu,188,9030,1452
2023-01-01,9,Sant Andreu,60,Sant Andreu,188,9031,1184
2023-01-01,9,Sant Andreu,60,Sant Andreu,189,9032,2174
2023-01-01,9,Sant Andreu,60,Sant Andreu,189,9033,3252
2023-01-01,9,Sant Andreu,60,Sant Andreu,190,9034,1446
2023-01-01,9,Sant Andreu,60,Sant Andreu,190,9035,1530
2023-01-01,9,Sant Andreu,60,Sant Andreu,190,9036,1349
2023-01-01,9,Sant Andreu,60,Sant Andreu,190,9037,1744
2023-01-01,9,Sant Andreu,60,Sant Andreu,190,9038,1743
2023-01-01,9,Sant Andreu,60,Sant Andreu,190,9039,1531
2023-01-01,9,Sant Andreu,60,Sant Andreu,191,9040,1624
2023-01-01,9,Sant Andreu,60,Sant Andreu,191,9041,1414
2023-01-01,9,Sant Andreu,60,Sant Andreu,191,9042,1258
2023-01-01,9,Sant Andreu,60,Sant Andreu,191,9043,1366
2023-01-01,9,Sant Andreu,60,Sant Andreu,191,9044,1527
2023-01-01,9,Sant Andreu,60,Sant Andreu,191,9045,1432
2023-01-01,9,Sant Andreu,60,Sant Andreu,192,9046,1296
2023-01-01,9,Sant Andreu,60,Sant Andreu,192,9047,1577
2023-01-01,9,Sant Andreu,60,Sant Andreu,192,9048,1345
2023-01-01,9,Sant Andreu,60,Sant Andreu,192,9049,1280
2023-01-01,9,Sant Andreu,60,Sant Andreu,192,9050,1522
2023-01-01,9,Sant Andreu,60,Sant Andreu,192,9051,1259
2023-01-01,9,Sant Andreu,60,Sant Andreu,192,9052,1224
2023-01-01,9,Sant Andreu,60,Sant Andreu,192,9053,1636
2023-01-01,9,Sant Andreu,60,Sant Andreu,192,9054,1078
2023-01-01,9,Sant Andreu,61,la Sagrera,193,9055,1806
2023-01-01,9,Sant Andreu,61,la Sagrera,193,9056,1140
2023-01-01,9,Sant Andreu,61,la Sagrera,193,9057,1694
2023-01-01,9,Sant Andreu,61,la Sagrera,193,9058,1523
2023-01-01,9,Sant Andreu,61,la Sagrera,193,9059,1435
2023-01-01,9,Sant Andreu,61,la Sagrera,193,9060,1356
2023-01-01,9,Sant Andreu,61,la Sagrera,193,9156,1260
2023-01-01,9,Sant Andreu,61,la Sagrera,194,9061,1676
2023-01-01,9,Sant Andreu,61,la Sagrera,194,9062,1543
2023-01-01,9,Sant Andreu,61,la Sagrera,195,9063,1126
2023-01-01,9,Sant Andreu,61,la Sagrera,195,9064,1146
2023-01-01,9,Sant Andreu,61,la Sagrera,195,9065,2099
2023-01-01,9,Sant Andreu,61,la Sagrera,195,9066,1433
2023-01-01,9,Sant Andreu,61,la Sagrera,195,9067,1530
2023-01-01,9,Sant Andreu,61,la Sagrera,196,9068,1524
2023-01-01,9,Sant Andreu,61,la Sagrera,196,9069,941
2023-01-01,9,Sant Andreu,61,la Sagrera,196,9070,1790
2023-01-01,9,Sant Andreu,61,la Sagrera,196,9071,1892
2023-01-01,9,Sant Andreu,61,la Sagrera,196,9072,1499
2023-01-01,9,Sant Andreu,61,la Sagrera,196,9073,1495
2023-01-01,9,Sant Andreu,62,el Congrés i els Indians,197,9074,1714
2023-01-01,9,Sant Andreu,62,el Congrés i els Indians,197,9075,1577
2023-01-01,9,Sant Andreu,62,el Congrés i els Indians,197,9076,1459
2023-01-01,9,Sant Andreu,62,el Congrés i els Indians,197,9077,1620
2023-01-01,9,Sant Andreu,62,el Congrés i els Indians,198,9078,1463
2023-01-01,9,Sant Andreu,62,el Congrés i els Indians,198,9079,1667
2023-01-01,9,Sant Andreu,62,el Congrés i els Indians,198,9080,1334
2023-01-01,9,Sant Andreu,62,el Congrés i els Indians,198,9081,1726
2023-01-01,9,Sant Andreu,62,el Congrés i els Indians,198,9082,2063
2023-01-01,9,Sant Andreu,63,Navas,199,9083,1628
2023-01-01,9,Sant Andreu,63,Navas,199,9084,1717
2023-01-01,9,Sant Andreu,63,Navas,199,9085,1788
2023-01-01,9,Sant Andreu,63,Navas,199,9086,1494
2023-01-01,9,Sant Andreu,63,Navas,199,9087,1296
2023-01-01,9,Sant Andreu,63,Navas,199,9088,1903
2023-01-01,9,Sant Andreu,63,Navas,199,9089,1499
2023-01-01,9,Sant Andreu,63,Navas,200,9090,1505
2023-01-01,9,Sant Andreu,63,Navas,200,9091,1836
2023-01-01,9,Sant Andreu,63,Navas,200,9092,1925
2023-01-01,9,Sant Andreu,63,Navas,200,9093,1299
2023-01-01,9,Sant Andreu,63,Navas,200,9094,2005
2023-01-01,9,Sant Andreu,63,Navas,200,9095,2169
2023-01-01,10,Sant Martí,64,el Camp de l'Arpa del Clot,201,10001,1626
2023-01-01,10,Sant Martí,64,el Camp de l'Arpa del Clot,201,10002,1827
2023-01-01,10,Sant Martí,64,el Camp de l'Arpa del Clot,201,10003,1601
2023-01-01,10,Sant Martí,64,el Camp de l'Arpa del Clot,201,10004,1580
2023-01-01,10,Sant Martí,64,el Camp de l'Arpa del Clot,201,10005,1608
2023-01-01,10,Sant Martí,64,el Camp de l'Arpa del Clot,202,10006,1859
2023-01-01,10,Sant Martí,64,el Camp de l'Arpa del Clot,202,10007,1295
2023-01-01,10,Sant Martí,64,el Camp de l'Arpa del Clot,202,10008,1699
2023-01-01,10,Sant Martí,64,el Camp de l'Arpa del Clot,202,10009,1649
2023-01-01,10,Sant Martí,64,el Camp de l'Arpa del Clot,202,10010,1725
2023-01-01,10,Sant Martí,64,el Camp de l'Arpa del Clot,202,10011,1175
2023-01-01,10,Sant Martí,64,el Camp de l'Arpa del Clot,203,10012,1756
2023-01-01,10,Sant Martí,64,el Camp de l'Arpa del Clot,203,10013,1344
2023-01-01,10,Sant Martí,64,el Camp de l'Arpa del Clot,203,10014,1459
2023-01-01,10,Sant Martí,64,el Camp de l'Arpa del Clot,203,10015,1921
2023-01-01,10,Sant Martí,64,el Camp de l'Arpa del Clot,203,10016,1193
2023-01-01,10,Sant Martí,64,el Camp de l'Arpa del Clot,203,10017,1678
2023-01-01,10,Sant Martí,64,el Camp de l'Arpa del Clot,203,10018,1473
2023-01-01,10,Sant Martí,64,el Camp de l'Arpa del Clot,204,10019,1554
2023-01-01,10,Sant Martí,64,el Camp de l'Arpa del Clot,204,10020,1457
2023-01-01,10,Sant Martí,64,el Camp de l'Arpa del Clot,204,10021,1300
2023-01-01,10,Sant Martí,64,el Camp de l'Arpa del Clot,204,10022,1335
2023-01-01,10,Sant Martí,64,el Camp de l'Arpa del Clot,204,10023,1426
2023-01-01,10,Sant Martí,64,el Camp de l'Arpa del Clot,204,10024,1507
2023-01-01,10,Sant Martí,64,el Camp de l'Arpa del Clot,204,10025,1296
2023-01-01,10,Sant Martí,65,el Clot,205,10026,1616
2023-01-01,10,Sant Martí,65,el Clot,205,10027,1529
2023-01-01,10,Sant Martí,65,el Clot,205,10028,1747
2023-01-01,10,Sant Martí,65,el Clot,205,10029,1418
2023-01-01,10,Sant Martí,65,el Clot,205,10030,1738
2023-01-01,10,Sant Martí,65,el Clot,205,10031,1496
2023-01-01,10,Sant Martí,65,el Clot,206,10032,1366
2023-01-01,10,Sant Martí,65,el Clot,206,10033,875
2023-01-01,10,Sant Martí,65,el Clot,206,10034,1655
2023-01-01,10,Sant Martí,65,el Clot,206,10035,1928
2023-01-01,10,Sant Martí,65,el Clot,206,10036,1430
2023-01-01,10,Sant Martí,65,el Clot,206,10037,1030
2023-01-01,10,Sant Martí,65,el Clot,206,10234,1742
2023-01-01,10,Sant Martí,65,el Clot,207,10038,1658
2023-01-01,10,Sant Martí,65,el Clot,207,10039,1822
2023-01-01,10,Sant Martí,65,el Clot,207,10040,1820
2023-01-01,10,Sant Martí,65,el Clot,207,10041,1600
2023-01-01,10,Sant Martí,66,el Parc i la Llacuna del Poblenou,208,10042,3423
2023-01-01,10,Sant Martí,66,el Parc i la Llacuna del Poblenou,208,10043,2785
2023-01-01,10,Sant Martí,66,el Parc i la Llacuna del Poblenou,209,10044,1574
2023-01-01,10,Sant Martí,66,el Parc i la Llacuna del Poblenou,209,10045,1269
2023-01-01,10,Sant Martí,66,el Parc i la Llacuna del Poblenou,209,10046,1228
2023-01-01,10,Sant Martí,66,el Parc i la Llacuna del Poblenou,209,10047,1695
2023-01-01,10,Sant Martí,66,el Parc i la Llacuna del Poblenou,209,10048,1634
2023-01-01,10,Sant Martí,66,el Parc i la Llacuna del Poblenou,209,10049,1261
2023-01-01,10,Sant Martí,66,el Parc i la Llacuna del Poblenou,209,10050,1544
2023-01-01,10,Sant Martí,67,la Vila Olímpica del Poblenou,210,10051,1664
2023-01-01,10,Sant Martí,67,la Vila Olímpica del Poblenou,210,10052,2383
2023-01-01,10,Sant Martí,67,la Vila Olímpica del Poblenou,210,10053,1706
2023-01-01,10,Sant Martí,67,la Vila Olímpica del Poblenou,210,10054,980
2023-01-01,10,Sant Martí,67,la Vila Olímpica del Poblenou,211,10055,2605
2023-01-01,10,Sant Martí,68,el Poblenou,212,10056,1821
2023-01-01,10,Sant Martí,68,el Poblenou,212,10057,1413
2023-01-01,10,Sant Martí,68,el Poblenou,212,10058,1122
2023-01-01,10,Sant Martí,68,el Poblenou,213,10059,1798
2023-01-01,10,Sant Martí,68,el Poblenou,213,10060,1696
2023-01-01,10,Sant Martí,68,el Poblenou,213,10061,1765
2023-01-01,10,Sant Martí,68,el Poblenou,213,10062,1516
2023-01-01,10,Sant Martí,68,el Poblenou,214,10063,1222
2023-01-01,10,Sant Martí,68,el Poblenou,214,10064,1636
2023-01-01,10,Sant Martí,68,el Poblenou,214,10065,1579
2023-01-01,10,Sant Martí,68,el Poblenou,214,10066,2087
2023-01-01,10,Sant Martí,68,el Poblenou,214,10067,1922
2023-01-01,10,Sant Martí,68,el Poblenou,214,10068,1613
2023-01-01,10,Sant Martí,68,el Poblenou,215,10069,2778
2023-01-01,10,Sant Martí,68,el Poblenou,215,10070,1630
2023-01-01,10,Sant Martí,68,el Poblenou,215,10071,1776
2023-01-01,10,Sant Martí,68,el Poblenou,215,10072,2059
2023-01-01,10,Sant Martí,68,el Poblenou,215,10073,1454
2023-01-01,10,Sant Martí,68,el Poblenou,215,10074,1745
2023-01-01,10,Sant Martí,68,el Poblenou,215,10075,1519
2023-01-01,10,Sant Martí,69,Diagonal Mar i el Front Marítim del Poblenou,216,10076,2278
2023-01-01,10,Sant Martí,69,Diagonal Mar i el Front Marítim del Poblenou,216,10235,1304
2023-01-01,10,Sant Martí,69,Diagonal Mar i el Front Marítim del Poblenou,216,10236,1568
2023-01-01,10,Sant Martí,69,Diagonal Mar i el Front Marítim del Poblenou,217,10077,1806
2023-01-01,10,Sant Martí,69,Diagonal Mar i el Front Marítim del Poblenou,217,10078,2454
2023-01-01,10,Sant Martí,69,Diagonal Mar i el Front Marítim del Poblenou,217,10079,1708
2023-01-01,10,Sant Martí,69,Diagonal Mar i el Front Marítim del Poblenou,218,10080,2335
2023-01-01,10,Sant Martí,70,el Besòs i el Maresme,219,10081,2183
2023-01-01,10,Sant Martí,70,el Besòs i el Maresme,219,10082,1968
2023-01-01,10,Sant Martí,70,el Besòs i el Maresme,219,10083,2193
2023-01-01,10,Sant Martí,70,el Besòs i el Maresme,219,10084,1685
2023-01-01,10,Sant Martí,70,el Besòs i el Maresme,220,10085,2089
2023-01-01,10,Sant Martí,70,el Besòs i el Maresme,220,10086,1973
2023-01-01,10,Sant Martí,70,el Besòs i el Maresme,220,10087,1867
2023-01-01,10,Sant Martí,70,el Besòs i el Maresme,220,10088,1652
2023-01-01,10,Sant Martí,70,el Besòs i el Maresme,221,10089,6120
2023-01-01,10,Sant Martí,70,el Besòs i el Maresme,222,10090,1503
2023-01-01,10,Sant Martí,70,el Besòs i el Maresme,222,10091,1975
2023-01-01,10,Sant Martí,70,el Besòs i el Maresme,222,10092,1449
2023-01-01,10,Sant Martí,70,el Besòs i el Maresme,222,10093,1235
2023-01-01,10,Sant Martí,71,Provençals del Poblenou,223,10094,3192
2023-01-01,10,Sant Martí,71,Provençals del Poblenou,223,10095,1311
2023-01-01,10,Sant Martí,71,Provençals del Poblenou,224,10096,1684
2023-01-01,10,Sant Martí,71,Provençals del Poblenou,224,10097,1571
2023-01-01,10,Sant Martí,71,Provençals del Poblenou,224,10098,1739
2023-01-01,10,Sant Martí,71,Provençals del Poblenou,224,10099,1099
2023-01-01,10,Sant Martí,71,Provençals del Poblenou,224,10100,1695
2023-01-01,10,Sant Martí,71,Provençals del Poblenou,225,10101,1742
2023-01-01,10,Sant Martí,71,Provençals del Poblenou,225,10102,2639
2023-01-01,10,Sant Martí,71,Provençals del Poblenou,225,10103,2145
2023-01-01,10,Sant Martí,71,Provençals del Poblenou,225,10104,1553
2023-01-01,10,Sant Martí,71,Provençals del Poblenou,225,10237,903
2023-01-01,10,Sant Martí,72,Sant Martí de Provençals,226,10105,2142
2023-01-01,10,Sant Martí,72,Sant Martí de Provençals,226,10106,999
2023-01-01,10,Sant Martí,72,Sant Martí de Provençals,226,10107,1495
2023-01-01,10,Sant Martí,72,Sant Martí de Provençals,226,10108,1318
2023-01-01,10,Sant Martí,72,Sant Martí de Provençals,226,10109,1635
2023-01-01,10,Sant Martí,72,Sant Martí de Provençals,226,10110,1857
2023-01-01,10,Sant Martí,72,Sant Martí de Provençals,227,10111,1277
2023-01-01,10,Sant Martí,72,Sant Martí de Provençals,227,10112,1516
2023-01-01,10,Sant Martí,72,Sant Martí de Provençals,227,10113,1193
2023-01-01,10,Sant Martí,72,Sant Martí de Provençals,227,10114,1573
2023-01-01,10,Sant Martí,72,Sant Martí de Provençals,228,10115,1405
2023-01-01,10,Sant Martí,72,Sant Martí de Provençals,228,10116,1785
2023-01-01,10,Sant Martí,72,Sant Martí de Provençals,228,10117,1249
2023-01-01,10,Sant Martí,72,Sant Martí de Provençals,228,10118,996
2023-01-01,10,Sant Martí,72,Sant Martí de Provençals,228,10119,1151
2023-01-01,10,Sant Martí,72,Sant Martí de Provençals,229,10120,1487
2023-01-01,10,Sant Martí,72,Sant Martí de Provençals,229,10121,1607
2023-01-01,10,Sant Martí,72,Sant Martí de Provençals,229,10122,1484
2023-01-01,10,Sant Martí,73,la Verneda i la Pau,230,10123,1326
2023-01-01,10,Sant Martí,73,la Verneda i la Pau,230,10124,1055
2023-01-01,10,Sant Martí,73,la Verneda i la Pau,230,10125,1097
2023-01-01,10,Sant Martí,73,la Verneda i la Pau,230,10126,1008
2023-01-01,10,Sant Martí,73,la Verneda i la Pau,230,10127,1018
2023-01-01,10,Sant Martí,73,la Verneda i la Pau,230,10128,1516
2023-01-01,10,Sant Martí,73,la Verneda i la Pau,230,10129,1121
2023-01-01,10,Sant Martí,73,la Verneda i la Pau,231,10130,1219
2023-01-01,10,Sant Martí,73,la Verneda i la Pau,231,10131,1090
2023-01-01,10,Sant Martí,73,la Verneda i la Pau,231,10132,1272
2023-01-01,10,Sant Martí,73,la Verneda i la Pau,231,10133,1761
2023-01-01,10,Sant Martí,73,la Verneda i la Pau,231,10134,1564
2023-01-01,10,Sant Martí,73,la Verneda i la Pau,231,10135,1250
2023-01-01,10,Sant Martí,73,la Verneda i la Pau,232,10136,1379
2023-01-01,10,Sant Martí,73,la Verneda i la Pau,232,10137,1578
2023-01-01,10,Sant Martí,73,la Verneda i la Pau,232,10138,2076
2023-01-01,10,Sant Martí,73,la Verneda i la Pau,232,10139,1707
2023-01-01,10,Sant Martí,73,la Verneda i la Pau,233,10140,1646
2023-01-01,10,Sant Martí,73,la Verneda i la Pau,233,10141,1140
2023-01-01,10,Sant Martí,73,la Verneda i la Pau,233,10142,1625
2023-01-01,10,Sant Martí,73,la Verneda i la Pau,233,10143,1802
